{"cameraMode":{"drawMode":0,"name":"Shaded","section":"Shading Mode"},"sceneLighting":false,"audioPlay":false,"sceneViewState":{"m_AlwaysRefresh":false,"showFog":true,"showSkybox":false,"showFlares":true,"showImageEffects":true,"showParticleSystems":true,"showVisualEffectGraphs":true,"m_FxEnabled":true},"in2DMode":false,"pivot":{"x":-3.6445586681365969,"y":4.919464111328125,"z":-0.011512160301208496},"rotation":{"x":-0.09674627333879471,"y":-0.7897239923477173,"z":0.12907426059246064,"w":-0.5919312238693237},"size":4.267667770385742,"orthographic":false}