{"cameraMode":{"drawMode":0,"name":"Shaded","section":"Shading Mode"},"sceneLighting":false,"audioPlay":false,"sceneViewState":{"m_AlwaysRefresh":false,"showFog":true,"showSkybox":false,"showFlares":true,"showImageEffects":true,"showParticleSystems":true,"showVisualEffectGraphs":true,"m_FxEnabled":true},"in2DMode":false,"pivot":{"x":1.9126183986663819,"y":2.8511524200439455,"z":-0.6869556903839111},"rotation":{"x":0.08718058466911316,"y":0.020913951098918916,"z":-0.001831981004215777,"w":0.9959882497787476},"size":3.198204278945923,"orthographic":false}