{"cameraMode":{"drawMode":0,"name":"Shaded","section":"Shading Mode"},"sceneLighting":false,"audioPlay":false,"sceneViewState":{"m_AlwaysRefresh":false,"showFog":true,"showSkybox":false,"showFlares":true,"showImageEffects":true,"showParticleSystems":true,"showVisualEffectGraphs":true,"m_FxEnabled":true},"in2DMode":false,"pivot":{"x":-0.9432459473609924,"y":4.636469841003418,"z":-3.509866714477539},"rotation":{"x":0.033201560378074649,"y":0.2996349632740021,"z":-0.010435007512569428,"w":0.9534362554550171},"size":3.3794491291046144,"orthographic":false}