{"cameraMode":{"drawMode":0,"name":"Shaded","section":"Shading Mode"},"sceneLighting":false,"audioPlay":false,"sceneViewState":{"m_AlwaysRefresh":false,"showFog":true,"showSkybox":false,"showFlares":true,"showImageEffects":true,"showParticleSystems":true,"showVisualEffectGraphs":true,"m_FxEnabled":true},"in2DMode":false,"pivot":{"x":0.6090226173400879,"y":1.9998143911361695,"z":-0.41898930072784426},"rotation":{"x":0.03560326620936394,"y":-0.1951170563697815,"z":0.007087239064276218,"w":0.9801238179206848},"size":4.277608394622803,"orthographic":false}