{"cameraMode":{"drawMode":0,"name":"Shaded","section":"Shading Mode"},"sceneLighting":false,"audioPlay":false,"sceneViewState":{"m_AlwaysRefresh":false,"showFog":true,"showSkybox":false,"showFlares":true,"showImageEffects":true,"showParticleSystems":true,"showVisualEffectGraphs":true,"m_FxEnabled":true},"in2DMode":false,"pivot":{"x":-25.553014755249025,"y":48.29389953613281,"z":39.11817169189453},"rotation":{"x":-0.009927548468112946,"y":-0.32884493470191958,"z":0.0034494539722800256,"w":-0.9443597793579102},"size":1.525888442993164,"orthographic":false}